<?xml version="1.0" encoding="UTF-8"?>
<project-private xmlns="http://www.netbeans.org/ns/project-private/1">
    <editor-bookmarks xmlns="http://www.netbeans.org/ns/editor-bookmarks/2" lastBookmarkId="0"/>
    <open-files xmlns="http://www.netbeans.org/ns/projectui-open-files/2">
        <group>
            <file>file:/Users/Jamal/Downloads/Yahtzee%20Assignment%203/src/userInterface/GameUi.java</file>
            <file>file:/Users/Jamal/Downloads/Yahtzee%20Assignment%203/src/userInterface/PlayerUi.java</file>
            <file>file:/Users/Jamal/Downloads/Yahtzee%20Assignment%203/src/userInterface/ScoreCardUi.java</file>
            <file>file:/Users/Jamal/Downloads/Yahtzee%20Assignment%203/src/userInterface/RollUi.java</file>
            <file>file:/Users/Jamal/Downloads/Yahtzee%20Assignment%203/src/userInterface/UpperSectionUi.java</file>
            <file>file:/Users/Jamal/Downloads/Yahtzee%20Assignment%203/src/userInterface/YahtzeeUi.java</file>
        </group>
    </open-files>
</project-private>
